-0.116073594,0.012747019,0.035395248,0.23017479,-0.036238959,-0.001898,0,-0.021620644,0
-0.188707438,0.023152725,0.021440071,0.524314896,0.240818434,-0.032505,0,-0.012677575,0
-0.142425697,0.008482508,-0.013038096,0.209467405,0.14891598,-0.011723,0,0.011958976,0
-0.088728777,0.077567743,0.032168292,0.516030049,0.202413366,0.018971,0,0.048731187,0
-0.108780947,0.080341746,-0.251507763,0.619212501,-0.224647814,0.013603,0,0.063146265,0
-0.163271103,0.111947958,0.061746867,0.453305115,-0.101788956,-0.013009,0,0.08618699,0
-0.120110228,-0.00889522,0.047305636,0.728231857,0.20990304,0.009084,0,0.086696128,0
-0.157791881,0.003480899,0.010465314,0.287235305,0.185275459,-0.016422,0,0.02501473,0
-0.226905762,0.081781826,0.090536601,0.58930593,0.145342475,-0.042688,0,-0.116524309,0
-0.089500974,0.022216165,-0.012422065,0.347712078,-0.035558687,-0.00855,0,0.071281279,0
-0.253009049,0.020198636,0.011764393,0.509865393,-0.070361353,0.072791,0,0.116941493,0
-0.181712849,0.005237721,0.235997908,0.755811675,-0.160723384,-0.012688,0,-0.035182129,0
-0.136572948,-0.010324088,0.160560397,0.848957651,0.276249541,0.052055,0,0.124568175,0
-0.152141269,0.023526483,-0.071332179,0.471762338,-0.082229615,0.011683,0,0.03953441,0
-0.107113124,0.072546235,-0.022121608,0.679552554,0.156169711,-0.038053,0,0.042825233,1
-0.142123368,0.049323624,0.057894529,0.576579249,0.076909379,0.045637,0,0.141408037,0
-0.079364744,0.01694105,-0.038505736,0.359317361,0.082094554,0.025452,0,-0.066809261,0
-0.185216372,0.053649656,0.055711461,0.576776198,0.161782809,0.006047,0,0.034754106,0
-0.172516403,0.019241379,0.014947976,0.346653576,-0.032024202,0.042119,0,0.164483121,0
-0.11983746,0.048966657,0.046134222,0.593707137,0.113408915,-0.049341,0,0.042296339,0
-0.131355243,0.020521651,-0.005026979,0.561442595,0.575762124,0.119165,0,0.223716673,0
-0.176088656,0.009159414,0.018951107,0.607330514,-0.113573057,-0.026882,0,0.040489678,0
-0.108886779,0.006516142,-0.010207291,0.424288924,0.076780109,0.02057,0,-0.033570297,0
-0.258253045,-0.043243871,0.0492702,0.610204724,0.611390458,-0.003364,0,0.05712049,0
-0.15157374,0.000721238,4.35671E-05,0.455239545,0.323713756,0.020958,0,0.012599749,1
-0.198698767,0.033479769,-0.013153929,0.566506213,0.382465502,-0.005951,0,-0.038157709,0
-0.14551937,0.052429942,0.044470639,0.596707519,-0.033173611,0.011471,0,0.053308184,0
-0.147886132,0.008212077,-0.040703827,0.462044988,-0.094103155,0.065527,0,0.117640489,0
-0.132755094,0.068620144,0.008695522,0.632827397,-0.046545324,0.014969,0,0.063186791,0
-0.134088567,0.009936958,0.146155364,0.46524728,1.671973386,0.0807,0,-0.021254687,1
-0.096917708,0.07726331,0.114796141,0.719469616,0.048993959,0.019225,0,0.161986473,0
-0.222363783,0.051265906,-0.000385816,0.371954377,-0.380554251,-0.155544,0,0.283512196,0
-0.171136783,0.036648492,-0.051721981,0.488195377,0.02663429,0.011288,0,-0.06997027,0
-0.207719109,0.011865261,0.231278162,0.543542055,0.226607624,0.016609,0,-0.12827368,0
-0.109111773,0.084574885,-0.001002654,0.51984694,0.25848842,0.001885,0,-0.089817283,0
-0.175779725,0.295463356,-0.004669761,0.509634408,0.057779068,0.011914,0,-0.165809125,0
-0.200125743,0.019390503,-0.023337116,0.476760113,0.044964939,0.005311,0,-0.006990434,0
-0.175582738,0.043167022,-0.016315469,0.545613101,0.001690754,-0.004287,0,-0.068093457,0
-0.124887952,-0.03037938,0.005026972,0.628291252,0.069323007,0.039608,0,0.030081028,0
-0.164251214,0.11887062,0.034882205,0.581045668,0.041935474,-0.018245,0,-0.041575958,1
-0.121420222,0.009816436,0.013979172,0.429601138,0.06544083,0.002656,0,0.15577285,0
-0.131019747,0.197961904,0.005276837,0.759777401,0.346404171,0.019306,0,-0.01267715,0
-0.099123932,0.044821489,-0.002058065,0.564531965,0.13832981,0.001146,0,-0.028485699,0
-0.143867132,0.095997516,0.077644414,0.658218116,0.008745406,0.0014,0,-0.010205593,0
-0.147751003,-0.000570652,0.085158019,0.536122529,0.239660044,0.015581,0,0.075983587,0
-0.146084535,-0.00535333,0.043228708,0.455853273,-0.075644436,-0.01426,0,-0.034873714,0
-0.162134098,-0.012481603,0.015362944,0.672191054,0.272044145,-0.002282,0,0.07367392,0
-0.042619494,0.020420477,0.028664407,0.606278325,-0.057972236,0.033988,0,0.185351507,0
-0.176748188,0.010663648,-0.031765354,0.393686333,-0.074332266,-0.039793,0,0.017650451,0
-0.154767481,0.090164464,-0.030794291,0.475156095,-0.178649271,-0.020507,0,0.135665638,1
-0.231068366,0.102191446,0.063348679,0.512619976,0.086427977,-0.019282,0,0.110903389,0
-0.102591339,0.007830867,0.085422786,0.56747994,0.097822383,0.064951,0,0.127526415,0
-0.181467096,-0.007725796,0.026387021,0.252382778,-0.05577215,-0.005403,0,0.097185475,0
-0.198471293,-0.001822348,-0.018406734,0.289775076,0.148335213,-0.006771,0,-0.049285861,0
-0.011824545,0.064146972,-0.059618481,0.742494171,-0.099229645,0.030178,0,0.126092451,1
-0.046704191,0.001682436,-0.017520121,0.334805243,-0.046013669,0.046222,0,0.098178892,0
-0.100365043,0.025626791,0.008726819,0.540096675,0.163386494,0.021043,0,0.072083001,0
-0.092901578,0.071270539,0.068333199,0.732826852,0.413149119,0.021891,0,0.097043546,0
-0.265505849,0.004178321,-0.01202883,0.504844413,-0.007687955,0.027137,0,-0.186162289,0
-0.094041873,0.040152459,0.065924073,0.305264579,0.034323673,0.049338,0,0.138472965,0
-0.128463527,0.03641229,-0.021230691,0.43872436,0.09885067,0.01037,0,-0.09653467,0
-0.135058045,0.007561169,0.022819986,0.618847043,0.254507156,0.042591,0,0.015394877,0
-0.17649853,-0.004967639,0.064651454,0.427096977,0.04869466,0.042155,0,0.071249303,0
-0.177903336,0.047358756,0.006571707,0.520046492,-0.057068067,0.000131,0,0.120556153,0
-0.036383747,0.093759993,0.327134847,0.592897662,4.181583843,0.441639,0,0.489077247,0
-0.170815322,0.006701023,0.019059209,0.49791749,0.132784425,0.011092,0,0.03228439,0
-0.092990822,0.102548934,0.043642339,0.646671975,-0.039584201,-0.005348,0,0.096925028,0
-0.106342733,0.049207237,0.05756114,0.680127479,-0.089053921,-0.001538,0,0.10246,1
-0.028316986,-0.031959701,0.013035522,0.530685331,-0.026466546,0.014043,0,0.067532909,0
-0.152429151,0.059144254,0.000169701,0.368652063,0.228278564,0.006696,0,0.107711397,0
-0.108924351,0.056473502,0.000890292,0.608973811,-0.040674316,0.026754,0,0.154145281,0
-0.181380265,0.071703806,-0.045657943,0.373625774,-0.196966044,-0.022115,0,0.002838642,1
-0.133738637,-0.036085936,0.092859566,0.393990166,0.134304662,0.019655,0,0.168428094,0
-0.070664861,0.003964105,0.000119724,0.162893245,0.31017945,0.049676,0,0.096867297,0
-0.119604663,0.068720988,-0.000416354,0.575606816,-0.078516345,-0.035801,0,0.150519333,0
-0.071766385,-0.00268043,-0.003615893,0.500157824,0.190862209,-0.005232,0,0.194675212,0
-0.116774004,0.082722222,0.039930405,0.470471649,-0.180437169,0.030195,0,-0.019496537,0
-0.16300904,0.078202798,0.026190427,0.808334992,0.198389398,-0.04529,0,0.106836648,0
-0.125269567,0.066231045,0.097326773,0.355301226,0.163250873,-0.093721,0,0.125378817,0
-0.212507251,0.200539969,0.266229572,0.704801666,0.130130672,-0.095747,0,0.036290425,0
-0.170102661,-0.08779574,0.176398105,0.735003952,1.321014575,0.01422,0,-0.112759188,0
-0.109081174,0.060836427,-0.027814075,0.393170625,0.042037803,0.02949,0,-0.020608655,0
-0.154586285,0.000458999,0.001887371,0.404276297,0.173109823,-0.01075,0,0.020499075,0
-0.159200417,0.103277402,-0.010992109,0.607739931,0.036751539,0.029057,0,-0.003391851,1
-0.107292955,0.03398942,0.057582437,0.6230224,0.186381857,0.024765,0,-0.039888153,0
-0.062769152,0.046624198,0.006169139,0.560434295,0.230091653,0.005009,0,0.071382812,1
-0.164957167,-0.015851348,-0.012843412,0.645356407,0.269433378,0.010722,0,-0.082867248,0
-0.152721708,-0.009556866,0.044506556,0.547966816,0.234782643,0.003734,0,0.16063226,0
-0.165071854,0.063515938,0.046331392,0.523042243,0.03874812,-0.037461,0,0.131699278,0
-0.129860192,0.045640525,-0.017867433,0.435051885,0.125693426,-0.039894,0,0.171425255,0
-0.118878766,0.034531198,-0.031048253,0.338164598,-0.172203434,-0.087733,0,-0.003901297,0
-0.152267791,0.097120328,0.115165573,0.519239875,0.409670811,0.122084,0,0.043239702,1
-0.090304179,0.022423301,-0.087093563,0.508475013,-0.023411368,-0.002098,0,0.065212941,0
-0.133944966,0.080392644,0.062356438,0.742334208,0.340536624,0.011748,0,0.118635011,0
-0.087453467,0.14604748,-0.060254122,0.654005346,0.046200179,0.000715,0,0.231207328,0
-0.193742716,0.027813335,0.047410114,0.376780722,0.21417053,0.020875,0,0.051575939,0
-0.159221407,0.018945562,0.052568082,0.520862473,0.284858471,0.026591,0,0.062894229,0
-0.104238673,0.002031972,0.033815856,0.537012013,-0.202581278,0.007965,0,0.036894099,0
-0.105455178,0.057466743,0.031523181,0.316080594,0.056341314,-0.012666,0,0.103425367,1
-0.147270371,0.107262028,-0.081344261,0.614198505,-0.111049108,-0.002422,0,0.019776497,0
-0.163150158,0.012137965,0.000405394,0.464174027,0.131456496,-0.000912,0,0.137163195,0
-0.072087787,0.054473547,0.012114641,0.619121157,-0.095123868,0.006892,0,0.161903979,0
-0.129342357,0.071406913,0.04933269,0.694065728,0.088452777,-0.014822,0,0.050112304,0
-0.132401528,0.049333316,-0.058799744,0.567745716,0.042121451,0.039309,0,0.105159468,0
-0.126675872,-0.020483343,-0.077329466,0.622453383,-0.237512134,0.015689,0,0.081730331,0
-0.055067885,0.074807754,-7.683E-06,0.679487847,-0.208584996,0.041903,0,0.260959573,0
-0.173918069,0.071600035,-0.105507627,0.651231744,0.098546102,-0.01803,0,0.175700017,0
-0.156560877,0.070042401,0.030108099,0.546314239,0.143502384,0.01182,0,0.020617262,0
-0.076637356,-0.014739204,-0.000851998,0.195794991,0.195739173,-0.028015,0,0.041200223,0
-0.099503152,0.000604519,-0.025253713,0.571814666,-0.085422472,0.035512,0,0.027933638,0
-0.125112616,0.051342395,0.000818059,0.483541361,0.028049544,-0.012732,0,0.146823757,0
-0.168326429,0.024990383,0.017245839,0.271658698,0.356162899,0.008084,0,-0.075864651,1
-0.172482915,0.099570928,-0.068751507,0.457710203,-0.190045652,-0.03104,0,0.116711429,0
-0.133686787,0.012875567,0.012374989,0.579388489,0.097324342,-0.028935,0,0.064665407,0
-0.125956403,-0.022109283,0.035697332,0.4891239,0.065154123,0.003304,0,0.070864945,0
-0.075438534,0.048038025,0.068114914,0.768655002,0.142257513,0.005173,0,0.074410291,0
-0.100723218,0.046292908,0.018723585,0.454599997,-0.10653501,0.033434,0,0.024970729,0
-0.155502893,0.098757637,0.044260174,0.385199739,0.497349789,0.001342,0,0.084132599,0
-0.071607744,0.06901302,0.140862244,0.695132548,0.355742596,0.020914,0,0.222532699,0
-0.044372206,0.001634788,0.010737401,0.408920224,0.102495217,-0.062505,0,0.082329502,0
-0.172682653,0.054831227,0.22562451,0.744564578,0.290844473,-0.01251,0,0.046635607,0
-0.165643174,0.066490081,-0.108335378,0.571799068,-0.107557462,-0.043512,0,0.114030045,0
-0.109864643,0.012968434,-0.011050361,0.358471147,-0.127635709,0.005747,0,0.023436802,0
-0.148339449,0.055095849,0.015472181,0.600147194,0.15155537,-0.000699,0,0.063642769,0
-0.16801871,0.05034719,0.006849128,0.409993924,-0.270694348,0.031897,0,0.09946264,0
-0.23854507,0.079961541,0.013877015,0.479658847,-0.15985544,-0.023921,0,-0.007787755,0
-0.127251245,0.050745615,-0.056594367,0.49027499,-0.003337125,-0.001121,0,0.063562808,0
-0.112042801,-0.003699689,-0.076587374,0.639273786,0.09375878,-0.036598,0,-0.00050844,1
-0.172492622,0.005510964,0.00026157,0.368569379,-0.017011376,-0.030465,0,-0.031800108,0
-0.075611227,0.046037991,0.057632739,0.634735524,-0.245207952,-0.160453,0,0.004602136,0
-0.11076592,0.182373659,0.039821132,0.549424559,-0.396505048,0.002906,0,0.227492143,0
-0.169582669,4.95189E-05,0.078886165,0.5927945,-0.065944707,0.000777,0,0.097577204,1
-0.160051632,0.042006916,0.066815178,0.489374962,-0.124422749,0.012896,0,0.090137901,0
-0.207757061,0.133854967,0.02220727,0.600221249,-0.159414396,-0.012753,0,0.500578568,0
-0.104814214,-0.02797197,0.028009034,0.463221905,0.26818594,0.01089,0,0.223480201,0
-0.17618398,0.173807785,0.006004832,0.632628658,-0.178886447,0.00092,0,0.1404637,0
-0.102463511,0.036057716,-0.060348321,0.36460347,-0.189456876,0.017544,0,0.056691841,0
-0.158952677,0.021222563,-0.059098395,0.507924498,-0.318312862,-0.06522,0,0.276692219,0
-0.034455674,-0.005140849,0.013200852,0.215902291,-0.05292054,0.032145,0,0.048108543,0
-0.111915376,0.099538734,0.090426444,0.632758264,0.366288207,-0.006758,0,0.096809628,1
-0.118339839,0.0087796,0.000524459,0.56614534,0.210400365,0.03051,0,0.073568098,0
-0.088893278,-0.078764986,0.015208862,0.582287351,0.951466659,0.038454,0,-0.089231115,0
-0.11210732,-0.0408082,-0.191443294,0.538143029,0.610342134,0.060797,0,0.02876531,0
-0.150139236,0.042898712,0.00783299,0.545140946,0.045637431,0.017404,0,0.061786565,0
-0.137229278,-0.020949706,-0.079965466,0.44270862,0.007597865,-0.014072,0,0.004847499,0
-0.161518884,0.047748153,-0.00453424,0.342465466,-0.031736463,0.004347,0,0.055179012,0
-0.250872381,0.149536575,0.064813417,0.629084237,0.128426715,-0.033597,0,0.043179164,0
-0.074261036,0.077476933,0.057278162,0.507539509,-0.067323194,0.009677,0,0.096013298,0
-0.057292972,-0.07269438,-0.005477791,0.538282238,-0.041443124,0.007174,0,0.120348143,0
-0.107855462,0.003395354,-0.024964183,0.504755885,-0.206050806,-0.030908,0,0.153883751,0
-0.102022306,0.002985888,0.000181279,0.084038895,0.407312026,-0.009539,0,-0.002412194,1
-0.10368094,-0.009903394,0.031997793,0.294446709,0.672309172,0.115107,0,0.173185274,0
-0.058235198,-0.010814439,0.056934312,0.571532391,0.202691874,0.041882,0,0.06540944,0
-0.079035901,0.050393775,0.080948498,0.498921003,0.271836198,-0.000177,0,0.284631682,0
-0.102451058,0.032537927,0.004031905,0.37562384,0.329076899,0.147222,0,0.143761581,0
-0.051964185,-0.025568793,0.058127036,0.810311114,-0.055786041,0.090503,0,0.187214649,0
-0.089935055,0.029761578,-0.213183217,0.611816915,0.03131203,0.043471,0,0.070122469,0
-0.19372634,0.041148562,-0.062502066,0.293809214,0.116653672,0.003969,0,0.012650064,0
-0.075146343,0.003763191,0.011250724,0.636555279,0.180143471,0.016372,0,0.09089447,0
-0.17864051,-0.022935231,0.096366344,0.558471953,0.585570538,0.002183,0,0.115863748,0
-0.100958418,0.012484336,0.025956042,0.321070891,0.28811554,-0.001043,0,-0.000385464,0
-0.023296587,-0.000602968,0.009253601,0.491909309,0.316204192,-0.041001,0,0.202646896,1
-0.126552235,0.210225664,0.079710088,0.573412644,-0.095231982,0.014838,0,0.204382692,1
-0.101902058,-0.056854029,-0.018622841,0.207304526,0.172171492,0.013248,0,0.014416545,0
-0.037854158,0.007450568,0.01029315,0.621759814,0.074509369,0.023313,0,-0.051455784,0
-0.136156543,0.009058558,0.037261646,0.429308971,0.437504494,0.038614,0,0.061313583,0
-0.084095869,-0.030944351,-0.008702902,0.405090182,0.236592611,0.039826,0,0.014266381,1
-0.078029772,0.020942346,-0.03696782,0.355499475,0.042922688,-0.032472,0,0.008837564,0
-0.167610314,-0.006096352,0.006388732,0.324592241,-0.299398429,-0.054946,0,0.062932704,1
-0.019373233,0.085681494,0.001858126,0.611002625,0.122008616,-0.028299,0,0.000129293,0
-0.067263301,0.02085839,0.127008423,0.545427939,0.201076492,0.047339,0,0.296847737,0
-0.090301743,0.050629771,0.022245166,0.382584952,0.141386132,0.032003,0,-0.017472067,1
-0.110811042,0.017417495,-0.017054591,0.57496651,0.162362406,0.024676,0,0.023633009,0
-0.16575357,0.035270438,0.040129118,0.509101119,-0.018016909,0.015578,0,0.04475323,0
-0.077689653,0.129485711,0.033870708,0.667480758,-0.202465771,0.011934,0,0.032881305,0
-0.17395444,0.020854378,-0.072059967,0.635298423,0.134883828,-0.007786,0,0.041683997,0
-0.116497331,-0.004649047,-0.101280331,0.716179692,0.194170979,0.000513,0,0.038188348,0
-0.13371611,0.177079261,0.094014456,0.630170372,0.014639238,-0.084542,0,-0.010920782,0
-0.101527997,0.04499467,-0.014687754,0.639850908,0.215678375,0.007435,0,0.058335436,1
-0.124250403,0.040095904,-0.023552168,0.458786268,0.07003649,0.004868,0,0.002402374,0
-0.091614082,0.020882085,0.07402356,0.626945363,0.149775552,0.018107,0,0.356638026,0
-0.091298427,0.012370247,-0.006677201,0.448564672,0.141128225,-0.030446,0,-0.017511838,1
-0.136964225,0.010009343,-0.070230361,0.596360538,0.269424462,0.033261,0,0.070426347,0
-0.181839101,-0.004595483,-0.033484064,0.422428689,0.008042939,-0.009924,0,-0.087295691,0
-0.044419276,-0.009777261,0.049759073,0.601504989,0.073188924,0.058291,0,0.095600279,0
-0.103273523,0.010063546,0.072913241,0.592374791,0.002064336,-0.01136,0,0.154684826,0
-0.168768274,0.053304423,-0.016528736,0.648174349,0.04222626,0.042032,0,0.050710609,0
-0.148453706,0.05729929,-0.033964263,0.620073562,0.287817591,-0.009588,0,0.125084189,1
-0.118513029,0.085635694,0.043148668,0.521767877,-0.080958102,0.029922,0,0.075417645,0
-0.077800875,0.037317926,0.005152688,0.630350245,0.193167871,-0.008753,0,0.006321971,0
-0.103975141,0.014585008,0.059419197,0.378051174,0.292614028,0.037896,0,0.122074752,0
-0.071675839,0.000339701,0.04413992,0.491768067,0.273965101,0.002674,0,-0.100550562,0
-0.032431697,0.106157738,0.045681629,0.646819333,0.160036367,0.002718,1,0.089761332,0
-0.098135889,0.029453105,0.049557122,0.472849255,0.296187277,0.019096,0,0.127804228,0
-0.108891751,0.045361464,0.080614377,0.61499232,0.508238832,0.002096,0,0.063858968,0
-0.13776143,0.097138629,0.093108419,0.565253221,0.447453269,0.000522,0,0.234890854,0
-0.103742075,0.063748201,0.080757468,0.456987227,0.431879773,0.027313,0,0.099065781,0
-0.174128791,0.108976674,0.063805633,0.544687144,-0.191031192,0.015143,0,0.130994753,0
-0.144419607,0.077347956,0.037931239,0.704533523,-0.016823393,-0.012407,0,0.076947918,1
-0.140953307,-0.000804368,0.058403713,0.582416536,0.081750627,0.032949,0,0.043834282,1
-0.212785462,0.014586952,0.029205242,0.519819036,0.57626858,-0.000499,0,0.156868122,0
-0.096177381,0.044233233,0.119870295,0.531431478,0.610260669,0.021719,0,-0.035441658,0
-0.037992106,0.113530917,0.055242735,0.691075091,0.336793827,0.006573,0,0.253048802,0
-0.087116267,0.020516611,0.098624601,0.728462455,0.329211199,0.037584,0,0.201140393,1
-0.067442883,0.010950325,0.031639123,0.711159621,0.30613236,0.008648,0,0.016737578,1
-0.098935084,0.051109536,0.012683029,0.717063867,0.247150989,0.042397,0,0.094100939,0
-0.107797744,0.052692617,0.09690901,0.539236431,0.631044361,0.052028,0,0.1953987,0
-0.14221387,0.109752333,0.082559016,0.507900364,0.135724595,-0.052723,0,0.070562591,0
-0.145078691,0.023111399,0.099930725,0.578195902,0.081485179,-0.059075,0,0.223180976,0
-0.124576158,0.020832356,0.001074249,0.147671665,0.003151396,-0.009874,0,0.164757891,0
-0.069822885,-0.03292235,0.030844387,0.633211103,0.629956412,0.006541,0,0.271070756,0
-0.127842747,0.026574738,0.10812798,0.56716169,0.022562902,-0.01182,0,0.160880008,0
-0.142643536,0.020140518,0.038627881,0.422506122,0.436303459,0.014156,0,-0.022198175,0
-0.126049181,0.037865435,0.030806002,0.578573496,0.386011815,-0.010983,0,0.059521501,0
-0.147794082,0.025639824,0.046345362,0.496768264,0.393536212,-0.015882,0,0.213217391,0
-0.097648543,0.016476653,0.052874652,0.749222242,0.350736774,0.001741,0,0.056246711,1
-0.039659137,0.004281059,0.198487965,0.601710369,0.28672191,0.045849,0,0.178787001,0
-0.180101178,0.00270886,0.001300736,0.064366817,0.337814132,0.045282,0,0.092364702,0
-0.05500555,0.037208778,0.103122128,0.582070404,0.61773283,0.039338,0,0.119667949,0
-0.039500398,0.084968691,0.004062036,0.693448752,0.125696485,0.009466,0,-0.020170508,1
-0.062302759,0.001827259,0.003115753,0.383542298,0.1018076,0.009889,0,0.03291124,0
-0.060047815,0.007102098,0.018993366,0.434215367,0.124985094,0.01347,0,0.085043986,0
-0.108489703,0.040655837,0.163500028,0.516266651,0.4596501,-0.084287,0,0.257135087,0
-0.112572355,0.023340419,0.022690275,0.487869842,0.349454319,-0.01136,0,0.166611785,0
-0.097689089,0.033487708,0.105793717,0.632094061,0.120868852,-0.031337,0,-0.029632846,1
-0.086306386,0.027001361,0.063006294,0.550834924,0.233492432,0.028152,0,0.168367849,0
-0.034164282,0.003055611,0.067979958,0.521804032,0.167039872,0.007154,0,0.012321299,1
-0.079303102,0.06155527,0.009113181,0.321969285,-0.033481134,-0.009954,0,0.265364446,0
-0.069921676,-0.011417062,0.047780434,0.491553255,0.151526682,0.011162,0,0.038907715,1
-0.134783279,0.056742663,0.036008604,0.364982111,0.195527612,-0.011416,0,0.035820528,1
-0.088687233,0.010852482,0.039641488,0.399437501,0.30410275,0.012164,0,0.091373193,0
-0.090165882,0.037387551,0.04517306,0.303946386,0.688643446,0.027972,0,-0.09130194,0
-0.105094245,-0.009750822,0.021239385,0.163847694,-0.209836687,0.029391,0,0.099027825,0
-0.12473802,0.054872266,0.159171912,0.877778267,0.191089764,0.016646,0,0.071245111,0
-0.059873009,0.012706584,0.072265828,0.526245997,0.288765429,0.021055,0,0.095490758,0
-0.095185734,0.055243424,0.109643802,0.508455374,0.892110779,0.028468,0,0.17451683,0
-0.075290759,0.02789585,0.077845279,0.449675691,0.179115008,-0.086494,0,0.373815426,0
-0.108371905,0.011812559,-0.038168596,0.421536806,0.185358079,0.025263,0,0.044068034,1
-0.037523513,0.021306035,0.03541413,0.480768325,0.362433215,0.013503,0,0.085561145,0
-0.046261417,0.034409535,-0.006519744,0.481807746,0.215590157,-0.013322,0,0.049909407,0
-0.143481407,-0.033989122,0.015325931,0.398985901,0.270146795,-0.006313,0,0.058516626,0
-0.123749455,0.015633117,0.294137572,0.662388222,0.60512588,0.024026,0,0.077257339,0
-0.127576364,0.123138895,0.116971955,0.678238225,0.372375158,0.021365,0,0.118888901,0
-0.074213397,0.023697743,0.012761607,0.579822289,0.325761748,0.00735,0,0.121617816,0
-0.134600305,0.024312258,0.088575504,0.261693446,1.25152208,0.262333,0,0.407632203,0
-0.083677884,0.069011795,-5.36699E-05,0.736507875,0.080253429,0.01117,0,0.020458705,0
-0.043664198,0.119431779,0.028441815,0.443530845,0.349571768,0.050466,0,0.246568447,0
-0.125381301,-0.000744602,0.161208782,0.675119869,0.133867532,0.011507,0,0.096705668,0
-0.11927187,0.20504755,0.052420731,0.72934521,0.306843769,-0.001729,0,-0.025299201,0
-0.041914007,0.027040773,0.093560815,0.598027762,0.444551074,0.004342,0,0.098986239,0
-0.077986477,0.082799241,0.019887251,0.585343415,0.097574741,-0.008369,0,0.146236197,0
-0.182088092,0.001522115,0.029211991,0.630460023,0.386316818,0.020548,0,0.07042462,1
-0.098990581,0.051136672,0.15034736,0.656092402,0.663163018,0.032788,0,-0.03915493,1
-0.073094291,0.028473919,0.045662302,0.420202339,0.186565345,-0.049282,0,0.05301329,0
-0.068420456,0.028071341,0.007036332,0.617485198,0.277325108,0.013478,0,0.240187796,0
-0.006297351,0.063404405,0.00831289,0.561082424,0.362450569,-0.009257,0,0.258033927,0
-0.130964315,-0.001249889,0.057209752,0.359848706,0.24600991,0.028378,0,0.212514876,0
-0.105808154,0.02880882,0.049358023,0.653700018,0.064569727,0.019198,0,0.095829716,0
-0.064546783,0.068842425,-0.00188346,0.302353988,0.298784799,0.005454,0,0.047031251,0
-0.0647446,0.049902509,0.03470964,0.494171321,0.458482898,0.034057,0,0.229849399,0
-0.086396227,0.051082223,0.048896786,0.325188857,0.569670876,0.078315,0,0.089915592,0
-0.214100146,0.047786778,0.042084613,0.507385806,0.717591236,0.01331,0,0.147350412,0
-0.037129741,-9.81914E-05,0.040045139,0.420716151,0.073501484,-0.062083,0,0.065983762,0
-0.089551545,0.001084982,-0.012348134,0.275181795,0.266871249,0.008027,0,0.168549817,0
-0.0705421,0.019844044,0.110714004,0.530499916,0.221952842,-0.034015,0,0.102119685,0
-0.052260969,0.05847782,0.020544251,0.605286266,0.028238332,-0.049819,0,0.04090116,0
-0.128587997,-0.000734278,0.033661655,0.491570898,0.370357841,0.022852,0,-0.046727578,0
-0.202979488,0.005576965,-0.091923596,0.762855498,0.830785274,-0.002411,0,0.073058811,1
-0.103620641,0.025559853,0.070080954,0.471639841,0.236429259,0.042303,0,0.058974657,0
-0.188759599,0.043039678,0.122495369,0.613452525,1.62894339,0.01961,0,0.277498673,1
-0.180974253,-0.011368485,0.152610811,0.561023919,0.346289487,-0.019912,0,0.142594488,0
-0.079687077,0.039086879,0.080707268,0.567104843,0.707787185,0.012057,0,0.136059353,0
-0.137731743,0.093614783,0.082619618,0.560890811,0.138076022,0.010402,0,0.227817383,1
-0.070072074,0.071135693,0.053486887,0.566461129,0.406588765,0.034518,0,0.13460904,0
-0.074975259,0.02789399,0.05628996,0.544471768,0.500635017,0.015323,0,0.019023383,0
-0.111058295,0.034375764,0.051119295,0.52906082,-0.000791128,-0.008773,0,0.074492543,0
-0.089944448,0.033046593,0.047792204,0.698404263,1.405891899,0.024714,0,0.17022389,1
-0.227332808,-0.018579788,-0.012557958,0.292287441,0.118484872,0.004439,0,0.152979025,0
-0.104798922,0.027470067,0.035371182,0.536359067,0.273617312,0.002152,0,0.116443479,0
-0.172786906,0.277857309,-0.037345726,0.755191684,0.503851725,0.075177,0,-0.006254257,0
-0.111058295,0.006279904,0.05588795,0.487660144,0.217504567,0.006021,0,0.253637413,0
-0.15595091,-0.037286141,0.073023679,0.568917108,0.469326744,0.015007,0,0.046190684,0
-0.087072293,0.054272369,0.001676314,0.36289697,2.507746099,0.160422,0,0.25362389,0
-0.087228717,0.094494122,0.080640063,0.63442416,0.282985669,0.002926,0,0.245166228,0
-0.076910343,-0.078102099,0.05403481,0.581782162,0.585860977,-0.06969,0,0.41962223,0
-0.196296293,0.006453058,0.000205544,0.368997156,0.191209466,0.008075,0,-0.004022503,0
-0.08786618,0.114686841,0.023867001,0.604820502,-0.126994487,0.032399,0,0.062838699,0
-0.069647621,0.082656126,-0.044779342,0.681628819,0.03972196,-0.01502,0,0.056187906,1
-0.085899267,0.005134615,0.073920733,0.22709455,0.223476721,-0.022673,0,0.075446451,0
-0.257975136,0.008390994,0.131353894,0.502581113,0.54453812,-0.024264,0,0.1596842,0
-0.080467779,0.024833163,-0.000121781,0.373994517,0.065644659,5.4E-05,0,0.113056992,0
-0.154630369,0.084877746,0.02561451,0.497506923,0.325188356,-0.067478,0,0.223446511,0
-0.097115008,0.114641134,0.019567,0.59818204,0.515082256,0.032223,0,0.056857459,0
-0.101898959,-0.006956661,0.130883827,0.568445441,0.525145658,0.066496,0,0.021994021,0
-0.101898959,0.013860355,0.033777453,0.385582884,0.460968198,-0.006891,0,0.241801105,1
-0.097115008,-0.018092552,0.149586235,0.581165451,0.423929519,-0.028543,0,0.210006785,1
-0.089560632,0.020900946,0.004092757,0.621008354,0.333160632,0.036397,0,0.097409702,1
-0.082911633,-0.002533675,0.071342076,0.435738456,0.198688464,-0.019667,0,-0.034347166,0
-0.130736399,0.123454475,-0.08451316,0.604320366,0.277971093,0.054469,0,0.042974684,0
-0.125519724,-0.011006603,0.050128495,0.495722567,0.997860903,0.037937,0,0.150496816,0
-0.166785634,-0.059412183,0.013040452,0.518854985,0.322497254,0.028808,0,0.055689839,0
-0.114100171,-0.007543884,0.081947322,0.443611727,0.34040534,0.018995,0,0.030134749,0
-0.106710699,0.000135511,0.092978462,0.334359539,0.396153069,-0.141202,0,0.038742902,0
-0.087793899,0.035695388,0.040266393,0.469918048,0.710871139,0.147422,0,0.291805352,0
-0.065111339,-0.006678256,0.134957177,0.518123417,0.154929634,0.033191,0,0.253258614,0
-0.039315481,0.062273815,-0.060524466,0.425235117,0.814304698,0.208707,0,0.211729341,0
-0.076294776,0.015608676,-0.037109212,0.377654956,0.184205626,-0.00483,0,0.098837248,0
-0.105818711,0.073070644,-0.024556589,0.518719825,0.698240562,0.00019,0,0.150487654,0
-0.096137155,0.050947594,0.008719127,0.5477194,0.160746977,-0.022322,0,0.061533652,0
-0.076294776,0.038010245,0.090751083,0.583353895,0.350284168,0.029424,0,0.045379651,0
-0.096137155,0.108296551,-0.046355356,0.460662056,0.064668156,-0.004749,0,0.161107118,0
-0.147691863,0.024378833,0.027130881,0.737033178,0.070923005,0.097027,0,0.229120074,0
-0.157565083,0.062014456,0.146491797,0.626845483,0.340165103,0.004139,0,0.008710996,1
-0.129389185,-0.055538316,0.017085582,0.686708217,0.330477069,-0.008136,0,0.073982512,0
-0.118700546,0.014128321,0.015236777,0.401033563,0.27673666,0.018129,0,0.104036381,0
-0.151911374,-0.048974468,0.054141748,0.632214165,0.307116946,-0.098383,0,0.241003513,0
-0.063732723,0.089238263,0.209751815,0.722670823,0.472084015,0.177286,0,0.249762301,0
-0.183293056,0.0670816,0.02913889,0.556857767,0.439355203,0.024441,0,0.014035299,0
-0.154679218,0.152532917,-0.060918018,0.762336771,0.180293464,0.001414,0,0.223566212,0
-0.131974294,-0.002091419,0.10003827,0.619826026,0.273727326,-0.010893,0,-0.015101376,0
-0.134977105,0.040017402,0.101686816,0.637933169,0.280641285,0.008748,0,0.193182197,0
-0.08487091,0.06001053,0.051829381,0.53093179,0.086890561,-0.018897,0,-0.032844845,1
-0.074558575,0.048781722,-0.007959988,0.643127505,0.026793528,-0.072739,0,0.173390961,1
-0.12958128,0.032074434,0.084549678,0.689382422,0.344562612,-0.015943,0,0.031449432,0
-0.217740511,0.011800002,-0.030447153,0.482837674,0.326531976,0.017479,0,0.07302828,0
-0.071088747,0.001488448,0.056219393,0.584560483,0.230322269,3.2E-05,0,0.129794522,0
-0.071468069,-0.01766774,0.032869656,0.528444821,0.326562161,0.154021,0,0.125843033,0
-0.159566616,-0.003739694,0.00779674,0.586618365,0.333311899,-0.042159,0,0.016407119,0
-0.144916005,0.003599231,-0.008275286,0.207177257,0.047536462,0.039608,0,0.128819016,0
-0.15866258,-0.010454535,0.039103596,0.538103016,0.156363326,0.016009,0,0.112880522,0
-0.125365964,0.003130736,0.011518821,0.780539564,0.135875993,-0.003758,0,0.121993138,1
-0.086094219,0.071775144,0.018017826,0.482274063,0.243271123,-0.007083,0,0.049620015,0
-0.12778173,0.025196973,0.050055808,0.512076668,0.213552278,-0.003902,0,0.069678153,0
-0.14453117,0.132314147,0.05408981,0.770434059,-0.061119462,-0.041582,0,0.209304866,0
-0.078759715,0.032995985,0.005009196,0.647771018,0.221523569,-0.032422,0,0.08902283,0
-0.081253929,-0.016088909,0.060007308,0.545872635,0.580423493,0.001369,0,0.11115967,0
-0.078529073,0.040002568,-0.009901218,0.40230816,0.175556196,0.033173,0,0.081993552,1
-0.183293056,0.057051394,0.021286015,0.669809518,0.143487431,0.034888,0,0.07879293,0
-0.199859563,0.000420942,0.003703159,0.3238338,0.362901491,-0.007289,0,0.173091569,0
-0.080257371,0.091522737,0.089804538,0.781221228,0.147232481,-0.084319,0,0.261171189,0
-0.160821363,0.01906829,0.046344244,0.577417945,0.431155716,0.01674,0,0.032721377,0
-0.134122834,0.002360303,0.00729897,0.325005578,0.160845013,-0.085209,0,0.745441178,0
-0.118288223,0.043314856,0.026283134,0.509438858,0.349572749,0.044391,0,0.010547236,1
-0.134122834,0.005107651,0.063651435,0.563374459,0.274920814,0.007033,0,0.117702188,0
-0.160821363,0.033765974,-0.000836482,0.505658041,0.338025824,-0.000794,0,0.036185112,0
-0.17574969,0.004469282,0.12706443,0.528719997,0.245024885,-0.026877,0,0.054796382,0
-0.135442913,0.03753414,0.122555909,0.725338565,0.505274414,-0.02239,0,0.063109804,0
-0.109396444,-0.012405343,0.044308603,0.432322362,0.342824289,-0.06633,0,0.30203816,0
-0.046582057,-0.012203253,0.01192112,0.112879502,0.719140787,0.037278,0,0.038731642,0
-0.182264797,0.090802174,0.067653396,0.544956914,0.440548381,-0.017489,0,0.154552817,0
-0.219046207,0.052081293,0.080383608,0.59827905,0.260274818,-0.015773,0,0.135869106,0
-0.187734519,0.081326852,-0.016740691,0.548662258,0.041487378,-0.028501,0,0.115203962,0
-0.134468827,0.096330009,0.037400193,0.81854709,0.321445972,0.007729,0,0.128200767,0
-0.099518124,0.031712318,0.022201091,0.373543459,0.198072785,0.010666,0,0.042526426,0
-0.122584615,0.05684168,0.059470873,0.814278694,0.490143519,-0.020393,1,0.037512744,1
-0.076381461,0.020287715,0.00855446,0.556872734,0.03621,0.006146,0,-0.018263184,1
-0.071115653,0.033677847,0.012169429,0.490513965,0.301346462,-0.018132,0,-0.053525133,0
-0.103241542,-0.000422322,-0.008876301,0.628322307,0.068418422,-0.026436,1,0.041264868,0
-0.124505473,0.144433624,0.047341674,0.459881562,0.373897974,-0.002964,0,0.060790797,0
-0.11811637,0.141430348,0.047938455,0.583585613,0.28506202,0.009261,0,0.077100593,1
-0.121850977,0.027240085,-0.003980105,0.436824968,0.06838337,0.014436,1,0.059802541,0
-0.160376673,-0.005423334,0.042348565,0.394411617,0.153250946,-0.010644,0,0.077469389,0
-0.15866258,-0.011659891,0.05917379,0.509880812,0.026347445,0.000502,0,0.001943118,0
-0.096716801,0.015562513,0.048502857,0.734914941,0.150508187,-0.01208,0,0.173905023,0
-0.150674706,0.036911735,-0.002213086,0.641234972,0.027605598,-0.015089,0,0.064046699,0
-0.058852523,-0.001307687,0.001948989,0.403419162,0.082388204,0.007772,0,0.10364866,1
-0.125661555,-9.91343E-05,0.002686198,0.413222779,-0.009508441,-0.020247,0,0.049379037,0
-0.132923635,0.014474838,-0.012298526,0.295674834,0.15094933,0.014837,0,-0.165826196,0
-0.113681335,-0.000315479,0.026747834,0.736795616,-0.033195906,-0.011556,0,0.051126005,0
-0.15866258,0.04862162,0.110898607,0.903925795,0.182196809,-0.020234,0,0.068045639,0
-0.115966545,-0.001325612,0.01596755,0.18155236,0.339733936,0.016032,0,0.044157261,0
-0.168976764,0.063917974,0.009769371,0.402616358,-0.101983662,-0.021559,0,0.075087159,0
-0.101463166,0.017639272,0.008195487,0.545945607,0.036669186,-0.010796,0,0.076843904,0
-0.122531437,0.038927545,0.030898894,0.428973984,-0.031149641,-0.06416,0,0.136728797,0
-0.203238809,0.034509794,0.004327546,0.497856822,-0.007385707,-0.008996,0,0.08411032,0
-0.125640274,0.020216243,0.017559207,0.471036388,0.022706483,0.001671,0,0.088935953,0
-0.094741995,0.008125274,0.122207117,0.572651824,0.241325023,-0.004874,0,0.123091512,0
-0.179123483,0.028863183,0.088561904,0.582346529,0.257662488,0.004602,0,0.058370649,0
-0.15866258,0.014053476,-0.030768584,0.422744885,0.00523463,-0.042666,0,0.123802372,0
-0.186381013,0.038931703,0.0105223,0.460327458,0.10019966,-0.029257,0,0.106013297,0
-0.190967281,0.033062986,-0.013610939,0.724221834,-0.074573791,-0.021436,0,0.08960866,0
-0.163472088,0.003602213,0.235815597,0.718247243,0.304456585,0.002743,0,0.127143143,0
-0.172891478,-4.66897E-05,0.019942311,0.278761211,0.130140243,-0.018449,0,0.044930101,0
-0.166655561,0.007721641,-0.029372353,0.678394457,-0.080808915,-0.004624,0,0.097622502,0
-0.15866258,-0.072548093,-0.018230936,0.678552517,0.126154337,-0.015857,0,0.083717038,0
-0.171654921,0.035964358,0.008303111,0.429262331,0.232856103,-0.002021,0,0.082139967,0
-0.198991134,0.139151357,0.023034864,0.538969782,-0.162590528,-0.056494,0,0.241318892,0
-0.18990332,0.033912016,0.011681441,0.424733778,0.083514293,-0.01299,0,0.117738864,0
-0.174629175,0.014809076,0.001953345,0.341099695,0.31187304,6E-05,0,0.057202027,0
-0.15866258,0.116522758,0.106507984,0.645195684,0.012929582,-0.034805,0,0.128921002,0
-0.076128012,0.016974034,0.014569509,0.51285687,0.233715789,-0.009071,0,0.002991076,0
-0.185951875,0.069928072,0.00173393,0.626947625,0.237524213,-0.020298,0,0.073806979,0
-0.100080824,0.051766999,0.09062337,0.69120355,-0.022049781,-0.00336,0,0.007525758,0
-0.10754055,0.047969849,0.056645766,0.311929015,0.32745556,-0.049735,0,-0.038306067,1
-0.050376382,0.013131791,0.038135841,0.47103214,-0.030766522,-0.00638,0,0.070546611,0
-0.125787397,0.132887454,0.000428217,0.626637333,0.027164648,-0.041529,0,0.106310618,0
-0.14721896,0.010098169,-0.007442152,0.305918207,-0.02866438,-0.027677,0,0.060864133,0
-0.206317841,0.001419237,-0.022490405,0.430621178,-0.022661194,-0.048152,0,0.104729951,0
-0.122054185,0.002079218,0.009445047,0.147139871,0.036970567,-0.040394,0,-0.049681728,0
-0.148862737,0.186878577,0.004875255,0.578612534,-0.073175588,-0.080938,0,-0.056604857,0
-0.152285372,0.031130424,0.025698382,0.448064406,0.042173602,-0.015851,0,0.024316276,0
-0.143410309,0.158518357,-0.083947774,0.762337845,-0.273222016,-0.029159,0,0.129757193,0
-0.130068789,0.004689632,-0.006495527,0.498328699,0.062028567,0.012452,0,0.098884277,0
-0.168952126,0.018680721,-0.053755843,0.413635058,0.117327172,0.013144,0,0.052446395,0
-0.225332329,-0.012907947,0.004103512,0.596668731,0.127241062,-0.003504,0,0.015202838,0
-0.143052268,0.020100313,0.013634134,0.286570613,0.079373804,-0.045239,0,0.012385862,0
-0.166249602,0.021854312,-0.036811219,0.489796235,-0.121815512,-0.004431,0,-0.007496067,0
-0.188500157,0.022919976,-0.024519963,0.552381074,-0.174769907,-0.0351,0,0.007593888,0
-0.176062481,0.019051377,-0.076074785,0.331580027,0.087464723,-0.03242,0,-0.020327515,0
-0.146516987,0.011351109,0.035370007,0.605424219,0.093081739,0.013391,0,0.048709116,0
-0.158577289,0.110417292,-0.008923159,0.572381455,-0.001694205,0.021689,0,0.06637878,0
-0.093234332,0.043105659,0.007987036,0.566383546,0.021897496,-0.008078,0,0.09012753,0
-0.1628671,0.00908879,0.005905165,0.577983774,0.087751789,-0.013334,0,0.038674101,0
-0.164417254,0.059756614,0.032456339,0.557723487,0.164860408,-0.009976,0,0.106041519,0
-0.152776211,0.016798975,0.001426159,0.474899361,-0.37425586,0.000545,0,-0.295932432,0
-0.18211516,0.012911698,-0.017422625,0.267936894,0.005720269,-0.013192,0,0.083047815,0
-0.118406977,-0.009753744,0.056274875,0.764154381,-0.073155853,-0.02978,0,0.002123795,0
-0.339376612,-0.008355963,0.009895396,0.174267989,0.518452555,0.017106,0,-0.029729835,0
-0.181038377,0.008232507,0.013393263,0.262737031,0.125822486,-0.048852,0,0.012637414,0
-0.099056436,0.084091568,0.158937035,0.881120254,0.151219923,-0.039556,0,0.066095416,0
-0.19915322,0.002620514,0.010020991,0.375017016,0.104923714,-0.018322,0,0.075902135,0
-0.159043897,-0.007730368,0.059281449,0.559342961,0.222960009,-0.004051,0,-0.02227102,0
-0.172183674,0.027388169,-0.005848816,0.70808496,0.017545679,0.00585,0,0.102654481,0
-0.110188047,0.039246193,0.013610197,0.588200439,0.183507178,0.010775,0,0.025025487,0
-0.069150093,0.039318454,0.00101682,0.692645145,0.00118695,-0.033185,0,0.053104813,0
-0.128582243,0.182325749,0.005828986,0.735288947,0.305847944,-0.005331,0,0.065378165,0
-0.169046395,0.049542988,0.039259256,0.561584668,0.151259006,-0.005547,0,0.09139057,1
-0.238170113,0.015662824,0.016529428,0.383083724,-0.044545522,-0.018613,0,0.111994958,0
-0.216174602,0.004680495,0.003610627,0.816762315,-0.141208285,-0.021678,0,0.072632054,0
-0.125920876,0.032371858,0.102882155,0.661834858,0.310843702,-0.028989,0,0.039460908,0
-0.141067645,-0.023631456,0.031896287,0.600831819,0.392135765,-0.014565,0,0.058674843,0
-0.101348559,-0.032734505,-0.001066306,0.627798743,0.114703868,0.019469,0,0.06131674,0
-0.183799042,0.108461383,-0.000774734,0.879494719,-0.160794137,-0.008296,1,0.011982794,1
-0.022615868,0.022416896,0.072459472,0.458634181,0.361277781,-0.016151,0,0.201261075,1
-0.158551484,0.039655865,0.012262239,0.770229815,0.054524161,-0.001979,0,0.061144406,0
-0.179437848,0.138263536,0.003643407,0.872801274,0.027899588,-0.015175,0,0.042133375,0
-0.144934882,0.013307694,0.000176513,0.432342989,0.111916122,-0.02187,0,0.091577425,0
-0.10091786,0.061310396,0.025716026,0.618430457,0.162660997,-0.025299,0,0.087076279,0
-0.12987945,0.005686125,0.003413958,0.699148447,-0.005590184,-0.128912,0,0.207216549,0
-0.154386378,0.057073611,0.018235007,0.56681499,0.076609849,0.006293,0,-0.01414696,0
-0.128537824,0.089823898,-0.018336803,0.77156761,-0.170146447,0.003542,0,0.074930964,0
-0.188409621,0.0783266,-0.004475033,0.417264879,-0.001109893,-0.030957,0,0.072012436,0
-0.155263155,-0.008829253,-0.00829036,0.476668161,-0.061753243,0.014147,0,0.022805578,0
-0.332942472,0.01608961,-0.002971906,0.460903801,0.00523294,-0.007342,0,0.064005392,0
-0.242515374,0.036923141,-0.020071291,0.731961911,-0.069447967,-0.010068,0,0.036578964,0
-0.138316435,0.022313417,-0.009338577,0.446673613,0.011558374,-0.007127,0,0.032007407,0
-0.101175056,0.009506372,-0.026707357,0.394027649,-0.057329343,0.03318,0,-0.003085971,0
-0.129971421,0.05607748,0.016250163,0.475443561,0.355298928,0.02254,0,0.021418399,0
-0.130120615,0.003534704,0.006452282,0.54145958,-0.00048735,-0.019448,0,0.04253098,0
-0.201401039,0.035914912,0.006367171,0.575992184,-0.051248038,0.020651,0,0.051902011,0
-0.18559127,-0.04016219,-0.018808489,0.711133544,-0.10006756,-0.003576,0,0.139865789,0
-0.13856266,0.018626197,0.043835302,0.444966386,-0.017973922,-0.018303,0,0.057906725,0
-0.240251549,0.092661358,-0.005175207,0.854389692,0.128164872,-0.02518,0,0.0259935,0
-0.252693414,0.045051792,-0.009346444,0.51868074,-0.085511758,0.006876,0,0.043735308,0
-0.144195739,0.041724162,-0.035435543,0.40301273,-0.237688018,-0.04883,0,0.030543928,0
-0.18091482,0.025511859,0.013242076,0.362702395,0.131478387,-0.018711,0,0.085525659,0
-0.150591021,-0.035370329,0.005865775,0.740967531,0.252776409,-0.006398,0,0.019249582,0
-0.172837765,-0.006661261,0.010093664,0.335086667,-0.046022564,-0.009243,0,0.099398322,0
-0.192518378,-0.000359789,-0.01668969,0.437379884,0.170743491,0.04394,0,0.00285867,0
-0.174783345,-0.000828001,0.008352107,0.270983263,-0.017363296,-0.01734,0,0.128068281,0
-0.322526586,-0.021680622,0.010244223,0.373460141,0.357006631,0.030343,0,0.026755913,0
-0.182860418,0.096034102,0.004220713,0.697064683,0.116101287,0.003623,0,0.054998644,0
-0.14318751,0.035518619,0.015503288,0.452986655,0.062268357,-0.009316,0,0.071463926,0
-0.181467835,0.025883108,-0.020465385,0.509616132,0.00579886,0.010807,0,0.07886367,0
-0.174289701,0.035898824,-0.033268332,0.402583733,-0.102590196,-0.013625,0,-0.032848684,0
-0.196670358,0.077507693,0.049193984,0.563608536,0.187229908,-0.010429,0,0.210505493,0
-0.193812987,0.019640274,-0.006200646,0.226014114,0.051623673,-0.005039,0,0.183188617,0
-0.294665206,0.074625073,-0.036359815,0.437608256,-0.174712146,-0.006185,0,0.010096581,0
-0.22155305,0.159563927,0.046664611,0.496133097,-0.333278056,-0.086736,0,0.139346654,0
-0.180492293,-0.000539159,0.004020561,0.192398249,-0.043133671,-0.012583,0,-0.116537906,0
-0.114859525,0.092796051,0.010650258,0.577995769,0.213114639,-0.024962,0,0.092964069,0
-0.149025224,0.012756921,0.041354506,0.509974239,0.160591832,-0.014979,0,0.027930629,0
-0.151228471,0.002693824,-0.038222285,0.305136339,-0.091210992,-0.127712,0,0.106369136,0
-0.202274762,0.051603587,-0.049370796,0.40245752,0.218431036,0.027045,0,0.016667031,0
-0.140887962,0.198148981,-0.025280781,0.476806799,-0.340642144,-0.045833,0,-0.036275149,0
-0.16348245,0.132227875,0.070299987,0.763541625,0.442633527,0.028393,0,0.108145085,0
-0.146330992,0.028840735,0.010088544,0.712990519,0.097133161,0.013513,0,0.201095485,0
-0.154665051,0.003868474,0.005363526,0.421420916,0.181246243,-0.018363,0,0.130602298,0
-0.106827023,-0.001140481,0.013216475,0.511649568,0.077832783,0.03358,0,0.03171165,0
-0.121874824,0.020281544,0.133566346,0.449162944,0.365732425,0.09331,0,0.031047791,0
-0.133123802,0.004548315,0.05141554,0.566538527,-0.000588467,0.000522,0,0.003037048,0
-0.122922456,-0.001564888,-0.037063598,0.422785287,0.075172901,0.007999,0,0.052262726,0
-0.118240916,0.124625271,0.343799661,0.785523402,0.200484114,0.001613,0,0.037924405,0
-0.119697759,0.036120355,0.0289547,0.444588093,0.143195249,0.008578,0,0.095326921,0
-0.186233002,-0.015883437,0.039879103,0.416150936,0.166562537,0.015319,0,0.058736472,0
-0.170100679,0.126245066,0.019382749,0.753820959,-0.088099013,0.003702,0,0.121811309,1
-0.144293331,0.045287342,0.036754914,0.593221254,0.656329551,0.018562,0,0.098126144,0
-0.182401806,-0.006635809,0.019198738,0.497008416,0.495992145,0.005755,0,0.118315514,0
-0.05731144,0.049324963,0.03730243,0.789771735,0.440453152,0.053553,0,0.092809012,0
-0.18324449,0.003456399,0.119158101,0.484275941,0.230191555,-0.038824,0,0.376392396,0
-0.147838781,0.012118762,0.019852469,0.380602967,0.21281925,-0.000257,0,0.028447685,0
-0.120198427,-0.103483699,0.026923546,0.579936075,-0.104554996,-0.006398,0,0.054182974,0
-0.025399166,0.002875258,-0.075370288,0.759497678,-0.069314059,-0.00054,0,-0.023691299,0
-0.127214287,0.125435732,0.013511756,0.697159138,-0.146057369,-0.008011,0,0.091313291,0
-0.028705396,-0.008361768,0.011879757,0.551609269,0.13967361,0.027092,0,-0.019785295,0
-0.058769718,0.06781268,0.021831581,0.415448679,0.197543228,0.03031,0,0.120374806,0
-0.162389549,0.019804939,0.013077045,0.677577455,0.175287522,0.019523,0,0.042172337,0
-0.113241449,0.004428054,0.025844699,0.521243709,-0.213005414,-0.071096,0,0.091283094,0
-0.120053099,-0.022490438,-0.004226227,0.522716693,-0.001390777,-0.020846,0,0.096676337,0
-0.104726578,0.006228963,0.02342903,0.426511425,0.063030406,0.005805,0,0.081163496,0
-0.175306638,0.033388714,-0.002589044,0.499100729,0.187796292,-0.01791,0,-0.01335037,0
-0.172277157,0.024586231,0.064646947,0.600774935,0.142346842,0.001584,0,-0.016661283,0
-0.088009591,0.128372443,-0.014934446,0.671885172,0.502732378,0.023569,0,0.152111561,0
0.044315671,-0.006846018,0.091705673,0.815094087,0.070141868,0.025202,0,0.049044802,0
-0.19680485,-0.011607118,-0.004503189,0.380449649,0.064737069,0.042443,0,0.064228824,0
-0.199114989,-0.001318148,-0.004910986,0.47672548,-0.061085268,-0.058122,0,0.188632542,0
0.115887352,0.037786605,0.042060275,0.437842314,-0.002875196,0.043236,0,0.227166622,0
-0.05852379,0.001880379,-0.021719397,0.505450192,0.037458354,0.026372,0,-0.002575947,0
-0.083264382,-0.014666193,-0.016983765,0.4689225,0.221099665,-0.000297,0,0.003845993,0
-0.191833312,0.05989323,-0.001229632,0.595419707,0.184412212,0.02194,0,0.063475856,0
0.319301786,0.005788558,0.01736308,0.569096202,0.098690513,-0.007914,0,0.101873538,0
-0.180662605,0.045503378,0.034545594,0.478369514,0.133306489,-0.048097,0,-0.149544025,0
-0.154387995,0.012032944,-0.035237044,0.672482332,0.182722486,-0.005795,0,0.052030401,0
-0.18465388,0.179523123,-0.028312856,0.704635572,0.154555509,-0.007788,0,-0.042908741,0
-0.088173357,0.027008577,0.003799053,0.517265601,0.037938385,-0.005561,0,0.02728253,0
-0.11068517,0.001931985,0.096301948,0.520897052,0.124883313,0.01993,0,0.192595119,0
-0.206511577,0.072198249,-0.054913995,0.768927922,0.239411077,0.017616,0,0.088336801,0
-0.112179775,-0.037879517,0.009818999,0.70256466,0.122460256,0.01346,0,0.039714816,0
-0.187610542,0.009776536,0.011451441,0.739368849,0.053622089,0.044549,0,-0.044594321,0
-0.161681601,0.043586978,0.027319394,0.693499632,0.223161536,0.007811,0,0.176326223,0
-0.153709582,0.038822534,0.020047838,0.619440668,0.076677273,-0.041319,0,0.064986476,0
-0.1440353,0.11295168,-0.011185893,0.910999847,-0.103100348,0.027605,0,0.13742278,0
-0.083571965,0.010067153,-0.003723044,0.278720463,0.004069825,-0.002061,0,0.039704423,0
-0.188159747,0.13638683,0.000497026,0.633553976,0.375908014,0.001963,0,0.352768103,0
-0.204803053,0.004422069,0.000225009,0.55774956,-0.204689908,-0.053334,0,0.024477063,0
0.021169666,0.015513264,0.058336984,0.654100445,0.311956402,0.025801,0,0.072947905,0
-0.1385665,0.045428729,0.017740655,0.687610668,0.064291275,-0.030958,0,0.251350222,0
-0.049976025,-0.011738456,0.003279468,0.480278769,0.038384169,-0.00326,0,0.000342837,0
-0.099597659,0.002142012,0.016418784,0.715543424,-0.003683435,-0.004688,0,0.057170182,0
-0.222843047,0.000936918,0.046273305,0.52982955,0.266159003,0.029605,0,0.123835608,0
-0.071207593,0.021575805,0.040178261,0.626010254,0.048325103,0.009496,0,0.086170719,0
-0.132772061,-4.33287E-05,0.030275149,0.394808183,0.077292872,-0.064041,0,0.137020465,0
-0.142354775,0.0565757,0.018349266,0.485140724,0.024742077,0.011658,0,0.060319535,0
-0.204769105,0.005102364,-0.013872817,0.269886281,0.025823839,-0.006494,0,0.029027035,0
-0.190213537,-0.011412907,0.056698224,0.623573317,0.288448801,0.005609,0,0.174595816,0
-0.052600919,0.02909979,0.055620903,0.732660792,0.0541742,-0.002522,0,0.062068937,0
-0.121535786,0.179487462,-0.056181223,0.578126706,0.670236455,0.174255,0,0.063205347,0
0.330807427,-0.020538914,0.003390871,0.341418494,-0.034599254,-0.037748,0,-0.045031514,0
-0.091894659,0.127332384,0.024933337,0.685028992,-0.110596168,0.026348,0,0.077834335,0
-0.132174049,0.062059879,0.003881848,0.618985519,0.119149486,0.025613,0,0.109353338,0
-0.116196271,0.047512007,-0.055766951,0.563394944,-0.268742052,-0.082266,0,0.116703254,0
-0.115507676,0.103386384,0.004671183,0.632770132,-0.190799375,-0.018848,0,0.076989199,0
-0.153962205,-0.010812474,-0.008421017,0.284258487,0.09836329,-0.001024,0,0.042194715,0
-0.201718891,-0.000344608,-0.00305127,0.242870496,-0.086253885,-0.005777,0,0.044141323,0
-0.11717511,0.0458201,0.065319665,0.407674891,0.116026329,-0.025192,0,0.023767847,0
-0.194393051,0.073604368,0.062393096,0.537633237,0.262216135,-0.012802,0,0.15663608,0
-0.155384404,0.06224732,-0.066992775,0.380023852,-0.180115142,-0.009531,0,0.080934996,0
-0.194199793,0.013426387,0.040065094,0.400814632,0.277432481,0.019676,0,0.032820053,0
-0.113349686,0.112809095,0.005187879,0.561804765,0.044797663,-0.046167,0,0.223194619,0
0.316722162,0.045067149,-0.021238157,0.682139155,0.431432246,0.051749,0,0.056752949,0
-0.105989145,-0.041147544,-0.034004102,0.411326234,0.056750309,-0.005953,0,-0.054198987,0
-0.065325536,0.136819477,0.054610508,0.78592976,0.441069759,0.018283,0,0.075005189,0
-0.125219479,7.97064E-06,0.021902471,0.442003801,-0.041429188,-0.001242,0,0.040191864,0
-0.146441492,-0.017697822,0.060173192,0.484762351,0.147810183,-0.081888,0,0.049078977,0
-0.154786159,0.009302034,0.03541403,0.347724847,0.110798321,-0.005937,0,0.076165952,0
-0.140453397,0.189799073,0.039927697,0.66099838,1.029155444,0.067512,0,0.324992857,0
-0.149078904,0.091305302,-0.032086681,0.770710791,-0.036345134,-0.010831,0,0.176313614,0
-0.132973164,0.036348398,0.003511279,0.319041923,0.33104778,-0.031312,0,0.040402402,0
-0.088682413,0.236253021,0.025168151,0.876413159,0.202768805,-0.003593,0,0.168478869,0
-0.183100691,0.001029678,-2.72082E-05,0.348587859,-0.072625492,0.004828,0,0.059590617,0
-0.146345379,0.018846927,0.046708972,0.501058986,0.268343626,0.000457,0,0.064294281,0
-0.052899907,0.04268007,0.025308852,0.242518475,0.128565988,-0.071581,0,0.169713921,0
-0.072801211,0.055779298,-0.017040902,0.699575209,0.031846607,-0.012181,0,0.035040384,0
-0.187072807,-0.048987328,-0.031463947,0.759147383,0.213601702,0.003791,0,0.099896539,0
-0.157300085,0.123260714,0.043619662,0.598165925,0.31494283,0.032795,0,0.150905331,0
-0.178343901,0.125363836,0.018644464,0.572917558,0.110462898,0.023044,0,-0.015658442,0
-0.147023986,0.399009202,0.189504465,0.794857191,0.939016092,-0.000921,0,-0.065833719,0
-0.087580587,0.060992595,0.063663395,0.507665557,0.288917419,0.061808,0,0.038779078,0
-0.132542579,-0.023962023,0.254615251,0.71694969,1.651660004,0.066575,0,0.017613732,0
